-- MariaDB dump 10.19  Distrib 10.6.12-MariaDB, for debian-linux-gnu (aarch64)
--
-- Host: localhost    Database: escalada_db
-- ------------------------------------------------------
-- Server version	10.6.12-MariaDB-1:10.6.12+maria~ubu2004-log

/*!40101 SET @OLD_CHARACTER_SET_CLIENT=@@CHARACTER_SET_CLIENT */;
/*!40101 SET @OLD_CHARACTER_SET_RESULTS=@@CHARACTER_SET_RESULTS */;
/*!40101 SET @OLD_COLLATION_CONNECTION=@@COLLATION_CONNECTION */;
/*!40101 SET NAMES utf8mb4 */;
/*!40103 SET @OLD_TIME_ZONE=@@TIME_ZONE */;
/*!40103 SET TIME_ZONE='+00:00' */;
/*!40014 SET @OLD_UNIQUE_CHECKS=@@UNIQUE_CHECKS, UNIQUE_CHECKS=0 */;
/*!40014 SET @OLD_FOREIGN_KEY_CHECKS=@@FOREIGN_KEY_CHECKS, FOREIGN_KEY_CHECKS=0 */;
/*!40101 SET @OLD_SQL_MODE=@@SQL_MODE, SQL_MODE='NO_AUTO_VALUE_ON_ZERO' */;
/*!40111 SET @OLD_SQL_NOTES=@@SQL_NOTES, SQL_NOTES=0 */;

--
-- Table structure for table `climbing_route`
--

DROP TABLE IF EXISTS `climbing_route`;
/*!40101 SET @saved_cs_client     = @@character_set_client */;
/*!40101 SET character_set_client = utf8 */;
CREATE TABLE `climbing_route` (
  `id` int(11) NOT NULL AUTO_INCREMENT,
  `location_id` int(11) NOT NULL,
  `name` varchar(255) NOT NULL,
  `route_type` varchar(20) NOT NULL,
  `difficulty` varchar(255) NOT NULL,
  `pitches` int(11) NOT NULL,
  `length` int(11) NOT NULL,
  PRIMARY KEY (`id`),
  KEY `IDX_C69732064D218E` (`location_id`),
  CONSTRAINT `FK_C69732064D218E` FOREIGN KEY (`location_id`) REFERENCES `location` (`id`)
) ENGINE=InnoDB AUTO_INCREMENT=752 DEFAULT CHARSET=utf8mb4 COLLATE=utf8mb4_unicode_ci;
/*!40101 SET character_set_client = @saved_cs_client */;

--
-- Dumping data for table `climbing_route`
--

LOCK TABLES `climbing_route` WRITE;
/*!40000 ALTER TABLE `climbing_route` DISABLE KEYS */;
INSERT INTO `climbing_route` VALUES (63,2,'Buraka','Sport','6b',1,50),(64,2,'Cepillos Free','Sport','6c',1,50),(65,3,'La Princesa Carol','Sport','6a+',1,60),(66,3,'Escorpion','Sport','6a+',1,70),(67,3,'Stonker','Sport','6c',1,60),(68,3,'Garcia Aguas','Sport','6c',1,65),(69,3,'Newie','Sport','6c+',1,70),(70,3,'Poema de roca','Sport','7b+',1,75),(71,3,'Vaijo Traidor','Sport','7b',1,0),(72,3,'Eye of the Storm','Sport','7b',1,0),(73,3,'Swimming Through a Shark Attack','Sport','8c',1,60),(74,3,'El Complot','Sport','8c',1,90),(75,4,'Las Carruchas de Anakrin','Sport','6a+',1,100),(76,4,'Welcome to El Chorro','Sport','6b',1,100),(77,4,'Cafe Burbuscon (P1)','Sport','6b',1,0),(78,4,'Perra y Mala','Sport','6b',1,90),(79,4,'Seco y Pedro (P1)','Sport','6c',1,120),(80,4,'Seco y Pedro right 2','Sport','6c+',1,135),(81,4,'Seco y Pedro Right','Sport','7a',1,165),(82,4,'Makita Power','Sport','7a',1,80),(83,4,'Gaia (Pitch 1)','Sport','7b+',1,0),(84,4,'Anack Sunamun','Sport','7c+',1,0),(85,4,'Honk Down','Sport','7c',1,105),(86,5,'Edelweiss','Sport','5+',1,0),(87,5,'Nitti','Sport','6a+',2,120),(88,5,'Mugl','Sport','6a+',1,60),(89,16,'El Cable Rib','Sport','6c',1,35),(90,16,'La Flaka','Sport','7b',1,90),(91,16,'Uretrofilo','Sport','7b+',1,90),(92,16,'Aguila Negra','Sport','7c',1,75),(93,16,'Akira','Sport','7c+',1,90),(94,16,'Oleanna','Sport','8a',1,75),(95,17,'Paralelo 36','Sport','7a',1,70),(96,17,'La Primera','Sport','7a',1,60),(97,18,'Rantamplan','Sport','6c',1,50),(98,18,'Papi Xulo','Sport','7a+',1,50),(99,18,'Caxe','Sport','7c',1,50),(100,19,'Sueño de Venus','Sport','6b+',1,0),(101,19,'Generacion Espontonea','Sport','6c',1,100),(102,19,'Pilier Dorada','Sport','7a',1,0),(103,20,'Blade Runner','Sport','6b+',1,55),(104,20,'Face of Flake','Sport','6c',1,65),(105,20,'Diedre torpedol','Sport','6b+',1,26),(106,20,'Arabesque','Sport','7b+',1,90),(107,21,'Schlemmer Reise','Sport','4+',1,40),(108,21,'La Sillita de la Reina','Sport','5',1,45),(109,21,'Heidi Y Los 7 Cabras','Sport','5+',1,30),(110,21,'La Veta Peta','Sport','5.7+',1,50),(111,21,'Swiss Michael','Sport','6a',1,35),(112,21,'Gaumenschmaus','Sport','6a',1,35),(113,21,'El Chato Barato','Sport','6a',1,45),(114,21,'Alcalá de Guadaira','Sport','6a',7,600),(115,21,'La Caliope','Sport','6a+',1,45),(116,21,'Los Zapatos Rojos Bonitos','Trad','5',5,0),(117,21,'Rockm.fm','Sport','6b',1,95),(118,21,'Zeig Mir Deine Muskeln','Sport','6b',1,90),(119,21,'Sergio y Antonio','Sport','6b',1,85),(120,21,'Solo Afeiter','Sport','6b',1,45),(121,21,'Lea','Sport','6b',1,90),(122,21,'Yo y Me Resaca','Sport','6b+',1,100),(123,21,'La Dusha Mashusha','Sport','6b+',1,65),(124,21,'Mi Vecina Plaquita','Sport','6b+',1,65),(125,21,'Chocolate Orange','Sport','6c',1,75),(126,21,'Diez anos de Mc. Claud','Sport','7a',1,60),(127,21,'For Fite','Sport','7a',1,100),(128,21,'Double Edge','Sport','7a',1,115),(129,21,'La Ley Innata','Sport','7a+',1,110),(130,21,'Peñita Malaguita','Sport','7b+',1,110),(131,22,'King Line','Sport','4',1,50),(132,22,'Un Helado Para Leo','Sport','4+',1,55),(133,22,'Merle-Perle','Sport','4+',1,35),(134,22,'El Artista','Sport','5',1,50),(135,22,'La Gaita','Sport','5',1,70),(136,22,'Chilona P1','Sport','5',1,85),(137,22,'Spaguetti Napoletana','Sport','5+',1,80),(138,22,'Los Timbales','Sport','5+',1,80),(139,22,'Siebeo','Sport','5+',1,0),(140,22,'O Sole Mio','Sport','6a',1,0),(141,22,'Tapa de Isabella','Sport','6a',1,50),(142,22,'Three dishes menu','Sport','6a',1,45),(143,22,'Sorbet de limon','Sport','6a',1,70),(144,22,'Los Arcangeles','Sport','5',6,490),(145,22,'Blue Line','Sport','5',12,1000),(146,22,'Sznurek','Sport','6a+',1,90),(147,22,'Unknown','Sport','6b+',1,15),(148,22,'Rogelio','Sport','6c',11,820),(149,22,'Servus Chorro','Sport','6c',1,55),(150,22,'Mas que un carreta','Sport','6c',1,50),(151,22,'Dos Tetas Tiran','Sport','7a',1,55),(152,22,'Fallilo','Sport','7a+',1,30),(153,23,'El Beso de la Flaca','Sport','6b',1,57),(154,23,'Lucky no com Pan','Sport','6b',1,57),(155,23,'Blanca','Sport','6b',1,50),(156,23,'Filou','Sport','5+',1,55),(157,23,'Engendro Caneri','Sport','6a+',2,130),(158,23,'El canalillo de la Mari','Sport','7a',1,110),(159,23,'Escalopendra Guajani','Sport','7a+',2,120),(160,23,'Amor Sandunguero','Sport','6b+',2,125),(161,23,'Hockey Night in Canada','Sport','6c+',1,70),(162,24,'Magigi','Sport','6a+',1,105),(163,24,'Resaca','Sport','6b',1,0),(164,24,'Chatarra','Sport','6c',1,40),(165,24,'Alma Mata','Sport','8a',1,90),(166,24,'Salamalekum','Sport','8b+',1,90),(167,25,'El Pilarito','Trad','3+',1,105),(168,25,'Las Cocas de Lucas','Sport','6a',1,30),(169,25,'Las Cosas de Mateo','Sport','6b+',1,30),(170,25,'Dr Tooth','Sport','6b+',1,100),(171,25,'Backtus','Sport','6c+',1,118),(172,26,'Salida de emergencia','Sport','7a',1,66),(173,26,'Life is Sweet','Sport','7a',1,100),(174,26,'Mystic Rhythem','Sport','7a',1,0),(175,26,'Hakuna Mata','Sport','7c',1,0),(176,26,'Lourdes','Sport','8a',1,0),(177,27,'Africa','Trad','5+',4,400),(178,28,'Zeppelin','Sport','7b',10,1000),(179,29,'Rampon Vegetariano','Sport','4+',1,55),(180,29,'Conchitas','Sport','4+',1,15),(181,29,'Cariltos','Sport','5',1,50),(182,29,'Escombrera Vertical','Sport','5',1,15),(183,29,'El Asesino','Sport','5+',1,35),(184,29,'Poderio Vertical','Sport','5+',1,35),(185,29,'Mas Limpia Imposible','Sport','5+',1,30),(186,29,'Hace Calo','Sport','5+',1,50),(187,29,'Chorrera','Sport','6a',1,35),(188,29,'Fisura Devoradora','Sport','6a',1,30),(189,29,'Artelo Martelo','Sport','6a+',1,90),(190,29,'Dedos Sangrientos','Sport','6a+',1,115),(191,29,'El Ovillo del osillo','Sport','6a+',1,60),(192,29,'Un Pobre Infeliz','Sport','5',1,60),(193,29,'Extrana Fisura','Sport','6b',1,50),(194,29,'Cantolandia','Sport','6b',1,35),(195,29,'Right Turn','Sport','6b',1,35),(196,29,'Fisuras Armonicas','Sport','6b+',1,124),(197,29,'You Can Do Anything With a Smile','Sport','5+',1,90),(198,29,'Ozu! Esto Como Es?','Sport','6c',1,124),(199,29,'Despo Wall','Sport','7c',1,46),(200,30,'Terricola','Sport','4+',1,35),(201,30,'Supertrepaero','Sport','4-',1,0),(202,30,'Los Currantes','Sport','5',1,40),(203,30,'Albert Extrem','Sport','5',1,40),(204,30,'Reunion Gay','Sport','5',1,40),(205,30,'BuBu','Sport','5',1,50),(206,30,'Er Suzuki','Sport','5+',1,40),(207,30,'Oso Yogui','Sport','6a+',1,40),(208,30,'Bano de Tierra','Sport','6a+',1,40),(209,30,'Fasi Terinnal','Sport','6a+',1,45),(210,36,'La Grieta de Tu Nieta','Sport','6c',1,20),(211,36,'Bolleré','Sport','7a',1,80),(212,36,'Quasimodo','Sport','7a+',1,72),(213,36,'Kavernicola','Sport','7a+',1,30),(214,37,'Lorena','Sport','5+',1,20),(215,37,'Santiana','Sport','5+',1,20),(216,37,'Maria','Sport','6a',1,15),(217,37,'Pablo','Sport','6a',1,15),(218,37,'Daniel','Sport','6a',1,20),(219,37,'Nocturna','Sport','6b+',1,25),(220,37,'Harte un Te','Sport','6b+',1,25),(221,37,'Diurna','Sport','6b+',1,65),(222,37,'Shorter','Sport','6b+',1,30),(223,37,'Izquierda','Sport','6b+',1,50),(224,37,'13','Sport','6b+',1,0),(225,37,'No Mas Te','Sport','6c',1,25),(226,37,'Parecia Mas','Sport','6c',1,25),(227,37,'Right Again','Sport','6c',1,50),(228,37,'Derecha','Sport','6c',1,50),(229,37,'O2','Sport','6c+',1,25),(230,37,'Aranpicare con Adan','Sport','6c+',1,25),(231,37,'Balancy','Sport','6c+',1,60),(232,37,'Unknown','Sport','6c+',1,0),(233,37,'Caliza','Sport','7a',1,25),(234,37,'Juantanmera','Sport','7a',1,60),(235,37,'Slim Groove','Sport','7b',1,70),(236,37,'Guacamayo','Sport','7c+',1,70),(237,37,'Grey Wall','Sport','8a+',1,70),(238,38,'El Clan de los McClaud','Sport','6a+',1,90),(239,38,'Anacleto y Sofilee','Sport','6b',1,45),(240,38,'Queso Aleman','Sport','6b',1,0),(241,38,'Nube Gris','Sport','6b+',1,0),(242,38,'El Amigo Lion','Sport','6b+',1,60),(243,38,'La Esperanza es lo Último que se Pierde','Sport','6c',1,60),(244,38,'Sobredosis de Esparragos','Sport','6c',1,0),(245,38,'6 Estrellas','Sport','7a+',1,105),(246,38,'Clever Climb Adventures','Sport','7a+',1,90),(247,38,'Proyecto Mireia','Sport','7b+',1,60),(248,39,'Pocas pilas','Sport','6b',1,55),(249,39,'Tila pa el estress','Sport','6c',1,80),(250,39,'Gollum malo','Sport','6c',1,100),(251,39,'Rabillos de pasas','Sport','6b+',1,90),(252,40,'Pie Slice','Sport','6a',1,60),(253,40,'Odio los Espárragos','Sport','6a',1,60),(254,40,'Stay on the Scene','Sport','6a+',1,90),(255,40,'Shake Your Money Maker','Sport','6a+',1,60),(256,40,'El Nazareno','Sport','6b',1,75),(258,44,'Loved Grit','Sport','6c+',1,40),(259,44,'East Coast','Sport','7a',1,40),(260,45,'Leg Versus Crowbar','Sport','4+',1,0),(261,45,'Kobb Klubb Right','Sport','6b',1,95),(262,45,'Kobb Klub Left','Sport','6b',1,90),(263,45,'El Mato Almeja','Sport','5+',1,95),(264,45,'Kobb Klubb','Sport','6b+',1,90),(265,5,'Full Moon','Sport','6b+',2,0),(266,5,'Small People','Sport','6c',1,0),(267,5,'Tall People','Sport','6c',1,0),(268,5,'Bombay Sapphire','Sport','6c',6,452),(269,5,'Bub Oder Madl','Sport','6c+',1,60),(270,5,'Don Lucas / First pitch of Bombay Sapphire','Sport','6c+',6,0),(271,5,'Wiener Schnitzel','Sport','6b+',2,0),(272,6,'Nido de Bolillos','Sport','6b',1,90),(273,6,'Nanuz','Sport','5+',1,60),(274,6,'Estrella Polar','Sport','5+',10,920),(275,6,'Agip','Sport','6c',1,60),(276,6,'Billy The Kid','Sport','7a',1,110),(277,7,'Lluvia de Asteroides','Sport','6b',8,820),(278,8,'Rock nini','Sport','6b+',1,80),(279,8,'Sexo, hierba y vertical','Sport','7a',1,80),(280,8,'Alma de roca','Sport','7a',1,80),(281,8,'El tango no me quiere','Sport','7a+',1,90),(282,8,'El tango ya me quiere','Sport','7b',1,110),(283,9,'Out of Vogue (pitch 1)','Sport','6b',1,100),(284,9,'Yonki Lata','Sport','6a',1,100),(285,10,'Atenea','Sport','6a',1,45),(286,10,'Artemisa','Sport','6b',1,40),(287,10,'Nombro propio','Sport','6b',1,30),(288,10,'Rib, Wall and Slab','Sport','6b',1,80),(289,10,'Right of the Rib','Sport','6a',1,95),(290,10,'Geisha','Sport','6b+',1,50),(291,10,'Bohem destrell','Sport','6b+',1,20),(292,10,'Guerrera (a.k.a. The Rib)','Sport','6b+',1,90),(293,10,'Para que disfrute la Canalla','Sport','6c',1,45),(294,10,'Program Genocida','Sport','6c',1,55),(295,10,'Crisis de Identidad','Sport','6c',1,50),(296,10,'Tipo Poloki','Sport','6c',1,50),(297,10,'Bolondro','Sport','6c',1,50),(298,10,'Playmobile','Sport','6c',1,55),(299,10,'Poum Poum Ram Ram','Sport','6c',1,50),(300,10,'La de Seba','Sport','6a+',1,96),(301,10,'Variente','Sport','6c+',1,40),(302,10,'Soldaito Marinero','Sport','7a+',1,50),(303,10,'Mataillos Lugarenos','Sport','7a+',1,45),(304,10,'La encantada','Sport','7b',1,55),(305,10,'Trio de Chapas','Sport','7b',1,50),(306,10,'Kom ombo (also goes as Sueno en vida)','Sport','6c+',1,100),(307,10,'Dura vida la de un frekee','Sport','7b+',1,100),(308,10,'La Ley del Cateto','Sport','7b+',1,60),(309,10,'Redders','Sport','7b+',1,100),(310,10,'Pata Chula','Sport','7b+',1,100),(311,10,'Sara','Sport','7c',1,100),(312,10,'Manon Tropo','Sport','7c',1,60),(313,10,'Gros Rouge','Sport','7c',1,70),(314,10,'Gros Rouge Extension','Sport','7c+',1,135),(315,10,'Un Lait Freche Pour Monsieur','Sport','7c+',1,110),(316,10,'Generación Limite','Sport','8a',1,100),(317,11,'Estirpe Pelleja','Sport','7b+',1,25),(318,11,'Potencia triangular','Sport','7c',1,60),(319,11,'Madre Salvaje','Sport','8a+',1,75),(320,11,'La Conexíon Pelirroja','Sport','8b+',1,80),(321,11,'Mar De Ortigas','Sport','8b+',1,75),(322,12,'Escombros','Sport','6a',1,50),(323,12,'Autan','Sport','6a',1,50),(324,12,'Sin Mantenimiento','Sport','6b',1,100),(325,12,'Escacharra','Sport','6b',1,80),(326,12,'Alobeitor','Sport','5+',1,100),(327,12,'Debora Cuerpos','Sport','6c',1,100),(328,12,'Menasatrua','Sport','6c',1,70),(329,12,'Buena Sombra','Sport','6c+',1,100),(330,12,'Yogur de Coco','Sport','6b+',1,0),(331,12,'Provinciano Marrano','Sport','7a+',1,100),(332,12,'Viejos y Puretas','Sport','6b+',1,100),(333,12,'Tarde para Perfecto','Sport','6b+',1,85),(334,12,'Comando Escandilla','Sport','7b',1,100),(335,12,'Cosas Caseras','Sport','7b+',1,110),(336,12,'Los Zauden','Sport','7b+',1,0),(337,12,'Liron Careto pitch 1','Sport','7b+',1,0),(338,12,'Fran sin nata','Sport','7c+',1,50),(339,12,'Judas','Sport','5.12',1,125),(340,12,'Hilando Fino','Sport','5.12',1,100),(341,13,'Diente de Elefante','Sport','6c',1,90),(342,13,'Yolinda','Sport','6c+',1,50),(343,13,'La Novia','Sport','7b+',1,90),(344,13,'Beshumiau','Sport','7c',1,90),(345,13,'Connecting People','Sport','8a',1,90),(346,14,'Buen Amigo','Sport','6b',1,60),(347,14,'Puerco Araña','Sport','6b',1,0),(348,14,'Entre Higos','Sport','5.10-',1,0),(349,14,'Cerebro de Broca','Sport','5.10a/b',1,0),(350,14,'Brioche','Sport','5.10a/b',1,0),(351,14,'Parecia Tonta','Sport','6b+',1,30),(352,14,'Flora','Sport','6b+',1,35),(353,14,'Esa Bavaresa','Sport','5.10b/c',1,0),(354,14,'Fauna','Sport','6c',1,30),(355,14,'Laguna Betiko','Sport','6c',1,60),(356,14,'Subete a la Higuera','Sport','6c',1,60),(357,14,'Mindudi volador','Sport','6c',1,60),(358,14,'Poda Higuera','Sport','6c+',1,60),(359,14,'Puto Friend','Sport','7a+',1,0),(360,14,'Bee Bee','Sport','7b',1,75),(361,15,'Aldebaran','Sport','5+',1,95),(362,15,'Pingo','Sport','6a',1,70),(363,15,'Ostras Pedrin','Sport','6a+',1,60),(364,15,'Direct Line','Sport','6b',1,95),(365,15,'Facilonga','Sport','6b+',1,110),(366,15,'Paton','Sport','6b+',1,90),(367,15,'Kuki','Sport','6b+',1,70),(368,15,'WiFi','Sport','6c',1,110),(369,15,'Maritobi','Sport','6c',1,40),(370,15,'Yocare','Sport','6c',1,115),(371,15,'Zuli','Sport','6c',1,115),(372,15,'Si te Gusta el Pique, Pique','Sport','5.10c/d',1,95),(373,15,'Calidad Alemana','Sport','5.10c/d',1,60),(374,15,'Romper Biceps','Sport','6c+',1,100),(375,15,'El Chaparron','Sport','7a',1,110),(376,15,'Nato','Sport','7a',1,70),(377,15,'Capitán Sardinia','Sport','7a+',1,100),(378,15,'Espurga Perros','Sport','7a+',1,70),(379,15,'Unknown','Sport','7a+',1,110),(380,15,'Espurga Left','Sport','7a+',1,90),(381,15,'Al Andalú','Sport','5.11b/c',1,80),(382,15,'The Pod','Sport','7b+',1,85),(383,15,'El Emigrante','Sport','7c',1,50),(384,15,'Cheyenne','Sport','7c',1,85),(385,15,'Enemigo Publico','Sport','7c',1,85),(386,15,'El Chupacabras','Sport','7c',1,0),(387,15,'Zulu Master','Sport','7c',1,0),(388,15,'Mid-height Hole','Sport','7c+',1,50),(389,15,'Maquina Pestosa','Sport','8a',1,75),(390,15,'Sandokan','Sport','8a+',1,90),(391,15,'Sandokina','Sport','8c',1,90),(392,16,'Puto Cable','Sport','6b',1,30),(393,16,'Magnato','Sport','6b',1,25),(394,16,'Magnato Pro','Sport','6b+',1,20),(395,16,'Aprendiz de Maganto','Sport','6c',1,40),(396,30,'Horno Dulferiensis','Sport','6b',1,60),(397,30,'Los Profesionales','Sport','7a',1,85),(398,31,'Fisuron','Sport','5+',1,50),(399,31,'Adherencia Extrema','Sport','5+',1,55),(400,31,'Esquerra','Sport','6a',1,55),(401,31,'November Rain','Sport','6a',1,60),(402,31,'La Mejo','Sport','6a',1,51),(403,31,'La Mejo','Sport','6a',1,55),(404,31,'Lefty','Sport','6a+',1,60),(405,32,'The Flake-line','Sport','5.11-',1,150),(406,33,'La rampa','Sport','5.3 PG13',1,0),(407,34,'Domingueros','Sport','6a',1,20),(408,34,'Huevon','Sport','6a',1,0),(409,34,'La Huerta','Sport','6a+',1,0),(410,35,'First Steps to Heaven','Sport','4',1,50),(411,35,'Smoothie','Sport','4+',1,40),(412,35,'Via Engadin','Sport','4+',1,60),(413,35,'El Clavo Dulce','Sport','5.5 PG13',1,95),(414,35,'Tarta de Chocolate','Sport','4+',1,45),(415,35,'Crack or Face','Sport','5.6 PG13',1,0),(416,35,'Gozieme','Sport','5',1,50),(417,35,'Arroz de Coco','Sport','5+',1,50),(418,35,'Papa John and Mama Nike','Sport','5+',1,95),(419,35,'Go For It - Now!','Sport','5+',1,80),(420,35,'Unknown Serena Route','Sport','5+',1,65),(421,35,'Aire','Sport','5+',1,45),(422,35,'Baklava','Sport','6a',1,50),(423,35,'Agua','Sport','6a',1,45),(424,35,'Fuego','Sport','6a',1,45),(425,35,'Terra','Sport','6a',1,55),(426,35,'Cervecita Fresquita','Sport','6a',1,0),(427,35,'Pumpkin Pilaf','Sport','6a+',1,55),(428,35,'Roca','Sport','6b',1,45),(429,35,'Perote','Sport','5.10a/b',1,0),(430,35,'La Enfermera','Sport','6b+',1,0),(431,35,'Hippie Left','Sport','6b+',1,0),(432,35,'La Hippie','Sport','6c',1,0),(433,35,'La Trifulca','Sport','6c',1,40),(434,35,'Mar de Nubes','Sport','6c',1,75),(435,35,'Serena Serenita','Sport','7c+',1,70),(436,36,'Julay lama','Sport','6b',2,170),(437,36,'Floja y pendulona','Sport','6b',1,100),(438,36,'Diedro polvarea','Sport','6b',1,90),(439,36,'High bolt 3','Sport','5.10a/b',1,130),(440,36,'Chupate esa Teresa','Sport','5.10b/c',1,79),(441,40,'¡Soy Caliente!','Sport','6b+',1,75),(442,40,'Autovia de las Cabras','Sport','6b+',1,90),(443,40,'Mongi','Sport','6b+',1,60),(444,40,'Toast','Sport','6c',1,90),(445,40,'Happiness is a Warm Pasty','Sport','6c',1,90),(446,40,'Sticky Fingers','Sport','5.10c/d',-2,90),(447,40,'The Cheese Grater','Sport','5.11a/b',1,70),(448,41,'Three-Sixty','Sport','5',6,750),(449,41,'The slit in your skirt','Sport','6b',1,115),(450,42,'El Cuarto','Sport','6a',1,0),(451,42,'Espartago Rock','Sport','6b',1,0),(452,42,'El árbol de las Lamentaciones','Sport','6b',2,155),(453,42,'Kuku','Sport','6b',1,100),(454,42,'Mimica','Sport','6b',1,65),(455,42,'Desperado','Sport','6b',1,90),(456,42,'La Raja de tu Falda','Sport','6b+',1,110),(457,42,'La Caverna','Sport','6b+',1,110),(458,42,'Rompeuãs','Sport','7a',1,60),(459,43,'Kaisechmarrn','Sport','4+',1,35),(460,43,'Aceitunas Andaluz','Sport','4+',1,40),(461,43,'Magnum Doble','Sport','4+',1,35),(462,43,'Puerta de Maria','Sport','5',1,60),(463,43,'Porra Antequerana','Sport','5',1,30),(464,43,'Frutas del Bosque','Sport','5+',1,45),(465,43,'Mini Milk','Sport','5+',1,40),(466,43,'Rock DJ','Sport','5+',1,35),(467,43,'Conejo Al Tomillo','Sport','5.7+',1,0),(468,43,'Spaghetti Carbonara','Sport','6a',1,60),(469,43,'Dorada a la plancha','Sport','6a',1,33),(470,43,'Berenjenas Con Miel','Sport','6a',1,35),(471,43,'Pollo Rollado','Sport','6a',1,35),(472,43,'Elephant Head','Sport','6b',1,60),(473,43,'Solomillo Diane','Sport','6b',1,60),(474,43,'Leon y Merula','Sport','6b',1,40),(475,43,'Mango Tango','Sport','6b',1,65),(476,43,'Mascha went to the world cup','Sport','6b',1,0),(477,43,'Weisswurschtis','Sport','6b+',1,65),(479,43,'100 Euro','Sport','6c',1,65),(480,43,'Weissbieris','Sport','7a+',1,65),(481,44,'Tick','Sport','4+',1,30),(482,44,'Trick','Sport','5',1,30),(483,44,'Track','Sport','5+',1,30),(484,45,'Dogs in the Moonlight','Sport','6c+',1,60),(485,46,'Shallow Niche','Sport','6b+',1,70),(486,46,'Rounded Pillar','Sport','6b+',1,90),(487,46,'Blank Slab','Sport','7a+',1,70),(488,46,'Prominent Flake','Sport','5.11b/c',1,78),(489,46,'Central Line','Sport','7b',1,80),(490,47,'Te Quiero Pachamama','Sport','5.10-',1,92),(491,47,'El Queso semicurado','Sport','6c',1,82),(492,47,'Dos Cervezas, Por Favor','Sport','6c',1,60),(493,47,'Eva Vuela','Sport','5.10+',1,82),(494,47,'Birdnet Buster','Sport','7b',1,95),(495,48,'Super galleta','Sport','6b+',1,100),(496,49,'La Cama','Sport','6a+',1,0),(497,49,'Tristán','Sport','6b',1,0),(498,49,'La Guapa','Sport','6b',1,0),(499,49,'La New Balan','Sport','5.10-',1,0),(500,49,'Orinco','Sport','5.10-',1,50),(501,49,'Cacique','Sport','5.10-',1,60),(502,50,'Over the Tube','Sport','5',1,38),(503,50,'Sol y Sombra','Sport','5+',1,38),(504,50,'Widen','Sport','6a+',1,45),(505,50,'Calimocho','Sport','5.10-',1,43),(506,50,'Licor','Sport','5.10-',1,43),(507,50,'Don Perignon del 69','Sport','5.10-',1,45),(508,50,'Cruzcampo','Sport','6b+',1,42),(509,51,'La grieta de Julieta','Sport','5.9 PG13',1,60),(510,51,'Maldonado cabron','Sport','5.10+',1,65),(511,51,'Los golfos del golfo','Sport','5.10c/d',1,50),(512,52,'Asfalto','Sport','5.10a/b',1,72),(513,53,'Santa Catalina','Sport','6c',1,60),(514,53,'Gavilán Pollero','Sport','5.10+ PG13',1,50),(515,53,'El Exhibicionista','Sport','5.11a PG13',1,55),(516,54,'Spectra','Sport','5.4 PG13',1,0),(517,55,'Campanilleo de cojones','Sport','5.11b/c',1,0),(518,56,'La Rampa','Sport','6c',1,100),(519,56,'Chupacabras','Sport','5.10c/d',1,110),(520,57,'Al-Hayar','Sport','5.5 PG13',1,0),(521,58,'Fisura de la Habitacion (III+)','Sport','3+',1,32),(522,58,'Rampa (III+)','Sport','4',1,25),(523,58,'Pretty Woman (V+)','Sport','5+',1,32),(524,58,'Los Vascos (IV+)','Sport','6a',1,32),(525,58,'Climbinutil (IV+)','Sport','6b',1,32),(526,58,'Comandante Zero (V)','Sport','6b',1,32),(527,58,'Sol Naciente (IV)','Sport','6b',1,32),(528,58,'Suenos de hojalata IV','Sport','6b',1,32),(529,58,'Capullos A La Sombra (IV)','Sport','6b+',1,32),(530,59,'Mariano calentar es sano (6b)','Sport','6c',1,25),(531,59,'La hoz y el Mariano (6b)','Sport','6c',1,25),(532,59,'Mariano me lo haces con la mano (6c+)','Sport','7b',1,25),(533,59,'Caza de brujas (7a)','Sport','7c',1,25),(534,59,'El marrano de Mariano (7b+)','Sport','8a',1,25),(535,59,'Mariano dejame tranquilo el ano (7c)','Sport','8a+',1,25),(536,60,'Daniela Alkadipane (IV)','Sport','4',1,50),(537,60,'Reina de la noche (6a)','Sport','6b',1,50),(538,60,'Gallian Brava (6a+)','Sport','6b+',1,50),(539,60,'Sara (6b)','Sport','6c',1,50),(540,60,'Pepe Munilla (6c+)','Sport','7a+',1,50),(541,60,'Dandy con lamparones (7a)','Sport','7b+',1,30),(542,60,'Papel de calca (7a+)','Sport','7c',1,50),(543,60,'Gengis Kan(7c+)','Sport','8a+',1,50),(544,60,'Chulo de barrio (8a)','Sport','8b+',1,50),(545,60,'Pequenas alegrias (8a)','Sport','8b+',1,50),(546,60,'Delicatese (8a+)','Sport','8b+',1,50),(547,61,'Chimenea (IV)','Trad','4',1,40),(548,61,'Fisura Ana (IV)','Trad','4',1,40),(549,61,'Boca palo','Sport','4+',1,40),(550,61,'Elefante (V)','Sport','5',1,40),(551,61,'variante Rianxeira (IV)','Sport','5',1,40),(552,61,'Langostinos de Sanlucar (V+)','Sport','5',1,40),(553,61,'Esto si que no es seis a (V)','Sport','5',1,40),(554,61,'Tripitize (V)','Sport','5',1,40),(555,61,'Lluvia de estrellas (V+)','Sport','5+',1,40),(556,61,'Alma de piton (V+)','Sport','5+',1,40),(557,61,'Corazon de tiza (V+)','Sport','5+',1,40),(558,61,'Dulce Belen (V)','Sport','6a',1,40),(559,61,'Harry el fuerte (V+)','Sport','6a+',1,40),(560,61,'Rianxeira hey (6a)','Sport','6b',1,40),(561,61,'Tanger dreams (6a)','Sport','6b',1,40),(562,61,'Sopa de ajo (6a+)','Sport','6b+',1,40),(563,61,'Nalgas de almendra (6a+)','Sport','6b+',1,40),(564,61,'El dia que no viniste (6a+)','Sport','6b+',1,40),(565,61,'Macunaimba el heroe (6a+)','Sport','6b+',1,40),(566,61,'Vuelo sin motor (6b)','Sport','6c',1,40),(567,62,'Desvio provisional (IV)','Sport','4',1,70),(568,62,'Parpujita (IV)','Sport','4',1,40),(569,62,'Indiana (IV)','Sport','4',1,40),(570,62,'La presa que en la mano quepa (IV)','Sport','4',1,40),(571,62,'Meridional expres (IV)','Sport','4',1,40),(572,62,'El eterno asegurador (IV)','Sport','4',1,40),(573,62,'Banana spit (V)','Sport','5',1,70),(574,62,'Mermelada de anchoas (V)','Sport','5',1,70),(575,62,'Cernicalos (V+)','Sport','5+',1,60),(576,62,'Poca verguenza (V+)','Sport','5+',1,60),(577,62,'Ladron de Guevara (V+)','Sport','5+',1,80),(578,62,'Cuarto creciente (V+)','Sport','5+',1,80),(579,62,'Pastel de roca (6a)','Sport','6b',1,60),(580,62,'Huevo mas (6a)','Sport','6b',1,60),(581,62,'Made in Taiwan (6a+)','Sport','6b+',1,60),(582,62,'Marcate faroles (7b)','Sport','7c+',1,40),(583,63,'Pirilampus (V+)','Sport','5+',1,30),(584,63,'El bulevar del crimen (?)','Sport','5+',1,0),(585,63,'Echale salsita (6a)','Sport','6b',1,32),(586,63,'Asi casca la vasca (6a+)','Sport','6b+',1,16),(587,63,'Manos como paquetes (6b+)','Sport','6c',1,16),(588,63,'Dersu Uzala (6b+)','Sport','6c+',1,25),(589,63,'Vudu (6b+)','Sport','6c+',1,30),(590,63,'variante vudu (6c)','Sport','7a+',1,30),(591,63,'Ole tus Cuernos (6c+)','Sport','7a+',1,30),(592,63,'Aligator (6c+)','Sport','7a+',1,30),(593,63,'Cat Fun (6c)','Sport','7a+',1,32),(594,63,'Mi tia Pepa (6c)','Sport','7a+',1,20),(595,63,'Poeta fracasado (6c)','Sport','7a+',1,20),(596,63,'Todo por la tapia (7a)','Sport','7b+',1,20),(597,63,'Donde suenan las hromigas verdes (7b+)','Sport','8a',1,30),(598,63,'Espejismo (7c)','Sport','8a+',1,30),(599,63,'Cuando las elefantes suenan can la musica (6c)','Sport','8b+',1,20),(600,64,'Camalean (V)','Trad','5',1,0),(601,64,'Arabe loco (V)','Trad','5',1,0),(602,64,'Equnoxio (6a - V - 6a)','Trad','6a+',1,0),(603,64,'Cafe expres (6a)','Sport','6b',1,0),(604,64,'Fallarin de los bosques (6a)','Sport','6b',1,0),(605,64,'Vigile su tension (6a+)','Sport','6b+',1,0),(606,64,'Emocionalment tenso (6b)','Sport','6c',1,0),(607,64,'Alf (6b)','Sport','6c',1,0),(608,64,'Maneras de vivir (6b+)','Sport','6c+',1,0),(609,64,'Doctor en Alaska (6c)','Sport','7a+',1,0),(610,64,'Terapia de grupo (6c+)','Sport','7a+',1,0),(611,64,'Mandragora (6c+)','Sport','7a+',1,0),(612,64,'Trainspotting (6c+)','Sport','7a+',1,0),(613,64,'Lo ira de Odin (7a - 6b+ - 6c - 6a)','Sport','7a+',1,0),(614,64,'Los alegres alpinistas (7a)','Sport','7b+',1,0),(615,64,'Maka blaster (7a)','Sport','7b+',1,0),(616,64,'El rey pescador (6b - 7b+)','Sport','7b+',1,0),(617,64,'La fisura o supercrack (7a)','Trad','7b+',1,0),(618,64,'Doctor en Alaska (7b)','Sport','7c+',1,0),(619,64,'Cossa nostra (7b)','Sport','7c+',1,0),(620,64,'Duro de pelar (7b)','Sport','7c+',1,0),(621,64,'Doctor en Alaska (7b) II','Sport','7c+',1,0),(622,64,'Territorio Gaboni (7b+)','Sport','8a',1,0),(623,64,'El sur (7b+)','Sport','8a',1,0),(624,64,'Variante Amarcord (7b+)','Sport','8a',1,0),(625,64,'Amarcord (7b+)','Sport','8a',1,0),(626,64,'Mapache (7c)','Sport','8a+',1,0),(627,64,'Ainda (7c)','Sport','7c',1,0),(628,64,'El resplandor (7c)','Sport','8a+',1,0),(629,65,'Matador','Sport','7b+',1,70),(630,65,'Armónica del diablo','Sport','7c',1,70),(631,66,'28 Años','Sport','5',1,0),(632,66,'Gente Impresentable','Sport','5+',1,65),(633,66,'Lucia','Sport','5+',1,65),(634,66,'Me Enamoré de la Dependienta de la Tienda de Patatas Fritas','Sport','6a+',1,60),(635,66,'Skarch','Sport','6b',1,65),(636,66,'No es Broma, es Kanfor','Sport','6b+',1,0),(637,67,'La Humanidad en Peligro','Sport','5',1,25),(638,68,'Danza Agresiva','Sport','7a+',1,100),(639,69,'Chumbera','Sport','4-',1,0),(640,70,'La gente que empieza','Sport','3+',1,0),(641,70,'Tifeo','Sport','4-',1,0),(642,71,'Vía de Escuela','Sport','5.4 R',1,30),(643,71,'Sin Nombre','Sport','4',1,60),(644,71,'Los Bolos','Sport','4',1,100),(645,71,'Unknown','Sport','5',1,100),(646,71,'Taladro Asesino (Var.)','Sport','5-',4,300),(647,71,'Unknown','Sport','6a+',1,75),(648,72,'Frío Polar','Sport','6b',1,60),(649,73,'Al Faijar','Sport','6a',1,50),(650,73,'Unknown','Sport','6b',1,60),(651,73,'Pan de Alfacar','Sport','5.10-',1,80),(652,73,'Arre con la Chota','Sport','6c',1,40),(653,74,'Unknown','Sport','6c+',1,100),(654,74,'Lacitos','Sport','7a',1,98),(655,74,'Thailandia','Sport','7a+',1,98),(656,74,'Nube Rosa','Sport','7a+',1,65),(657,74,'Parece África pero son Nubes','Sport','7a+',1,100),(658,75,'White Pillar','Sport','6b',1,65),(659,75,'Pocket start','Sport','6a+',1,66),(660,75,'Jungla Concreta','Sport','7b',1,100),(661,75,'Dime de qué Vacilas','Sport','7b+',1,100),(662,76,'La Chispi','Sport','5+',1,40),(663,76,'La via de la vida de em ma','Sport','5+',1,40),(664,76,'Migeulito Coupe','Sport','6a+',1,45),(665,76,'La Cania','Sport','6a+',1,50),(666,76,'The Orange Corner','Sport','6a',1,55),(667,77,'Bulging lower','Sport','6a+',1,65),(668,78,'Jorge de la Jungla','Sport','6b',1,60),(669,78,'El Gato Negro','Sport','6b',1,60),(670,78,'Pipilota','Sport','6b+',1,65),(671,78,'Casa pepe','Sport','6c',1,55),(672,78,'No te Emparanoies','Sport','6c',1,60),(673,78,'Expatación','Sport','6b+',1,62),(674,78,'El mundo de Julio Verne','Sport','7c',1,59),(675,79,'Light Wall','Sport','6c',1,88),(676,79,'Elemental vertical','Sport','6c',1,98),(677,79,'Fundu','Sport','6c+',1,82),(678,79,'Gota a Gota','Sport','7b',1,65),(679,79,'Bateria Baja','Sport','7b',1,65),(680,80,'Hairway to Steven','Sport','6a+',1,60),(681,80,'Huevo de Dinosaurio','Sport','6b',1,70),(682,81,'Pirañica','Sport','5+',1,55),(683,81,'Escharcha amarilla','Sport','6a',1,50),(684,82,'Indio Gorrón','Sport','6b+',1,100),(685,82,'Lagañosos','Sport','6c+',1,50),(686,82,'Dientes de cocodrilo','Sport','7a',1,80),(687,82,'Deos Como pallas','Sport','7a+',1,50),(688,83,'Unknown','Sport','6a',1,40),(689,83,'Unknown','Sport','6a',1,50),(690,83,'Spaguetti con gambas','Sport','6b+',1,80),(691,83,'Viaje a Bagdad','Sport','6c',1,50),(692,83,'Katia y sus paletas en la tapia','Sport','7a',1,50),(693,83,'Unknown','Sport','7a+',1,50),(694,83,'Unknown','Sport','7b',1,70),(695,83,'Cordada milenaria','Sport','7c',1,60),(696,84,'Bulería Cahorrera','Sport','7a',1,80),(697,84,'Estrella Polar','Sport','7a',1,70),(698,85,'¡¡Coone!! con er Koner','Sport','6c+',1,50),(699,85,'El calcetín del César','Sport','7a+',1,60),(700,85,'El Sexo de los ángeles','Sport','7b+',1,90),(701,86,'Unknown','Sport','6a+',1,80),(702,87,'Mas Metacana y menos Mariconeo','Sport','6c',1,60),(703,88,'Pablo','Sport','6a',1,30),(704,88,'La Luz del Senor','Sport','6a',1,35),(705,88,'Enrique','Sport','6a+',1,80),(706,88,'Vía de Jesus','Sport','6a+',1,80),(707,88,'Rastafari','Sport','6a+',1,80),(708,88,'Maniobras Halogenas','Sport','6b',1,30),(709,88,'Sueño de Andre','Sport','6b',1,70),(710,89,'Homosexuales en Accion','Sport','6b',1,50),(711,89,'On Parle Francais Mijeno','Sport','6b',1,40),(712,89,'Virgen Ayer, Puta Hoy','Sport','6b+',1,40),(713,89,'Alex','Sport','6c',1,40),(714,89,'Lombrices Anales','Sport','7a',1,40),(715,89,'Sube su puleva','Sport','7a',1,40),(716,89,'Entrada Gratis','Sport','7b+',1,40),(717,90,'Ni Pensarlo','Sport','6b',1,20),(718,90,'Roadside 5','Sport','6b+',1,30),(719,90,'Caligula','Sport','6b+',1,40),(720,90,'Wanda','Sport','6b+',1,50),(721,90,'Azotame con la Goma de Butano','Sport','6c+',1,20),(722,90,'Pues cómprate un gusano','Sport','7b+',1,40),(723,90,'Esto no lo sube ni James Bond','Sport','7c',1,20),(724,91,'Diedra Candela','Sport','7c',1,80),(725,92,'La Canal','Sport','7a',1,90),(726,93,'Un Rayo','Sport','6b+',1,65),(727,93,'De Luna','Sport','6c',1,70),(728,93,'La Colmena','Sport','6c+',1,75),(729,93,'Cazolandia','Sport','7b+',1,82),(746,100,'Don\'t Break the Shaft','Boulder','V2',1,8),(747,100,'Dont\' Break the Spike','Boulder','V3',1,6);
/*!40000 ALTER TABLE `climbing_route` ENABLE KEYS */;
UNLOCK TABLES;

--
-- Table structure for table `completed_route`
--

DROP TABLE IF EXISTS `completed_route`;
/*!40101 SET @saved_cs_client     = @@character_set_client */;
/*!40101 SET character_set_client = utf8 */;
CREATE TABLE `completed_route` (
  `id` int(11) NOT NULL AUTO_INCREMENT,
  `user_id` int(11) NOT NULL,
  `route_id` int(11) NOT NULL,
  `completed_at` datetime NOT NULL,
  PRIMARY KEY (`id`),
  KEY `IDX_2DCFDE0BA76ED395` (`user_id`),
  KEY `IDX_2DCFDE0B34ECB4E6` (`route_id`),
  CONSTRAINT `FK_2DCFDE0B34ECB4E6` FOREIGN KEY (`route_id`) REFERENCES `climbing_route` (`id`) ON DELETE CASCADE,
  CONSTRAINT `FK_2DCFDE0BA76ED395` FOREIGN KEY (`user_id`) REFERENCES `users` (`id`) ON DELETE CASCADE
) ENGINE=InnoDB AUTO_INCREMENT=46 DEFAULT CHARSET=utf8mb4 COLLATE=utf8mb4_unicode_ci;
/*!40101 SET character_set_client = @saved_cs_client */;

--
-- Dumping data for table `completed_route`
--

LOCK TABLES `completed_route` WRITE;
/*!40000 ALTER TABLE `completed_route` DISABLE KEYS */;
INSERT INTO `completed_route` VALUES (1,2,63,'2025-02-17 21:02:08'),(2,2,64,'2025-02-17 21:04:41'),(4,2,66,'2025-02-17 21:08:51'),(5,2,73,'2025-02-17 21:12:35'),(6,2,93,'2025-02-17 21:29:55'),(7,2,84,'2025-02-17 21:48:09'),(39,1,63,'2025-02-21 18:59:18'),(40,1,64,'2025-02-21 19:03:13'),(42,1,68,'2025-03-02 12:24:39'),(43,1,65,'2025-03-02 12:26:45'),(44,1,82,'2025-03-02 12:29:35'),(45,1,67,'2025-03-02 12:48:02');
/*!40000 ALTER TABLE `completed_route` ENABLE KEYS */;
UNLOCK TABLES;

--
-- Table structure for table `doctrine_migration_versions`
--

DROP TABLE IF EXISTS `doctrine_migration_versions`;
/*!40101 SET @saved_cs_client     = @@character_set_client */;
/*!40101 SET character_set_client = utf8 */;
CREATE TABLE `doctrine_migration_versions` (
  `version` varchar(191) NOT NULL,
  `executed_at` datetime DEFAULT NULL,
  `execution_time` int(11) DEFAULT NULL,
  PRIMARY KEY (`version`)
) ENGINE=InnoDB DEFAULT CHARSET=utf8mb3 COLLATE=utf8mb3_unicode_ci;
/*!40101 SET character_set_client = @saved_cs_client */;

--
-- Dumping data for table `doctrine_migration_versions`
--

LOCK TABLES `doctrine_migration_versions` WRITE;
/*!40000 ALTER TABLE `doctrine_migration_versions` DISABLE KEYS */;
INSERT INTO `doctrine_migration_versions` VALUES ('DoctrineMigrations\\Version20250226221154','2025-02-26 22:12:54',24),('DoctrineMigrations\\Version20250226221526','2025-02-26 22:15:29',14);
/*!40000 ALTER TABLE `doctrine_migration_versions` ENABLE KEYS */;
UNLOCK TABLES;

--
-- Table structure for table `location`
--

DROP TABLE IF EXISTS `location`;
/*!40101 SET @saved_cs_client     = @@character_set_client */;
/*!40101 SET character_set_client = utf8 */;
CREATE TABLE `location` (
  `id` int(11) NOT NULL AUTO_INCREMENT,
  `name` varchar(255) NOT NULL,
  `latitude` double NOT NULL,
  `longitude` double NOT NULL,
  PRIMARY KEY (`id`)
) ENGINE=InnoDB AUTO_INCREMENT=190 DEFAULT CHARSET=utf8mb4 COLLATE=utf8mb4_unicode_ci;
/*!40101 SET character_set_client = @saved_cs_client */;

--
-- Dumping data for table `location`
--

LOCK TABLES `location` WRITE;
/*!40000 ALTER TABLE `location` DISABLE KEYS */;
INSERT INTO `location` VALUES (2,'El Quenco > Zorreras Altas > Las Zorreras > Loja > Andalucia > España',37.4391,-4.6696),(3,'Los Albercones > Frontales > El Chorro > Andalucia > España',36.91283,-4.76154),(4,'Castrojo > Frontales > El Chorro > Andalucia > España',36.91276,-4.7643),(5,'Amptrax > Frontales > El Chorro > Andalucia > España',36.91342,-4.76039),(6,'Suizo > Frontales > El Chorro > Andalucia > España',36.91378,-4.75894),(7,'Poema de Roca > Frontales > El Chorro > Andalucia > España',36.91406,-4.75671),(8,'Momia > Frontales > El Chorro > Andalucia > España',36.91347,-4.75757),(9,'Austria > Frontales > El Chorro > Andalucia > España',36.91441,-4.75462),(10,'Solarium > Frontales > El Chorro > Andalucia > España',36.91541,-4.75217),(11,'Mundo > Frontales > El Chorro > Andalucia > España',36.91336,-4.75809),(12,'Tango > Frontales > El Chorro > Andalucia > España',36.91496,-4.75225),(13,'Black Cave > Frontales > El Chorro > Andalucia > España',36.91388,-4.75723),(14,'Las Encantades > El Chorro > Andalucia > España',36.90827,-4.75418),(15,'El Triangulo > Desplomilandia > El Chorro > Andalucia > España',36.95156,-4.77493),(16,'Buena Sombra > Desplomilandia > El Chorro > Andalucia > España',36.90631,-4.74932),(17,'La Boda > Desplomilandia > El Chorro > Andalucia > España',36.90478,-4.75615),(18,'Poza de la Mona > Desplomilandia > El Chorro > Andalucia > España',36.96174,-4.75335),(19,'La Vida Misma > Desplomilandia > El Chorro > Andalucia > España',36.95119,-4.77723),(20,'El Cable > Desplomilandia > El Chorro > Andalucia > España',36.95118,-4.77596),(21,'Next Level > Desplomilandia > El Chorro > Andalucia > España',36.95337,-4.76501),(22,'Tocho de Acebuche > Desplomilandia > El Chorro > Andalucia > España',36.95343,-4.76535),(23,'El Polverin > El Chorro > Andalucia > España',36.9085,-4.7603),(24,'Arabesque > Escalera Arabe > El Chorro > Andalucia > España',36.91624,-4.74963),(25,'Sergio > Escalera Arabe > El Chorro > Andalucia > España',36.91605,-4.74854),(26,'Suiza > Escalera Arabe > El Chorro > Andalucia > España',36.9163,-4.74736),(27,'Upper crag > Escalera Arabe > El Chorro > Andalucia > España',36.91618,-4.75),(28,'Sombra > Escalera Arabe > El Chorro > Andalucia > España',36.91599,-4.75204),(29,'The Tooth > Escalera Arabe > El Chorro > Andalucia > España',36.91613,-4.74991),(30,'Sector Zeppelin aka Tres Techos > The Gorge > El Chorro > Andalucia > España',36.91743,-4.77332),(31,'Fisuras > Valle de Abdalajis South > Valle de Abdalajis > El Chorro > Andalucia > España',36.93042,-4.69237),(32,'Central > Valle de Abdalajis South > Valle de Abdalajis > El Chorro > Andalucia > España',36.93071,-4.69078),(33,'Escalon > Valle de Abdalajis South > Valle de Abdalajis > El Chorro > Andalucia > España',36.93093,-4.68983),(34,'Cantera > Valle de Abdalajis South > Valle de Abdalajis > El Chorro > Andalucia > España',36.93008,-4.69375),(35,'Sector Carretera > Valle de Abdalajís north > Valle de Abdalajis > El Chorro > Andalucia > España',36.93882,-4.68424),(36,'La Carretera + El Dado > Valle de Abdalajis > El Chorro > Andalucia > España',36.93917,-4.6847),(37,'Serena > El Chorro > Andalucia > España',36.91842,-4.74206),(38,'Caliza > El Chorro > Andalucia > España',36.91029,-4.76719),(39,'Cocina Caliente > El Chorro > Andalucia > España',36.90839,-4.75046),(40,'Don-De > El Chorro > Andalucia > España',36.91143,-4.74177),(41,'El Corral - East > El Chorro > Andalucia > España',36.90935,-4.74055),(42,'Rocabella - North > Rocabella > El Chorro > Andalucia > España',36.91331,-4.73527),(43,'Rocabella - South > Rocabella > El Chorro > Andalucia > España',36.9133,-4.73527),(44,'Los Olivitos > El Chorro > Andalucia > España',36.9086,-4.75279),(45,'Bedees > El Chorro > Andalucia > España',36.90913,-4.75103),(46,'El Corralito > El Chorro > Andalucia > España',36.91088,-4.74544),(47,'Cotos Medios > Los Cotos > El Chorro > Andalucia > España',36.92145,-4.77433),(48,'Sector Placas del Cortijo > Grazalema > Andalucia > España',36.75004,-5.3582),(49,'La Bodega > El Torcal > Andalucia > España',36.95074,-4.54344),(50,'El Fraile > El Torcal > Andalucia > España',36.95297,-4.53858),(51,'La Carretera > El Torcal > Andalucia > España',36.95876,-4.53541),(52,'Castillo de Santa Cantalina > Jaén > Andalucia > España',37.7663,-3.7976),(53,'Sector 007 > Reguchillo > Jaén > Andalucia > España',37.74838,-3.82252),(54,'Cortijo > Reguchillo > Jaén > Andalucia > España',37.7489,-3.82401),(55,'1st curve (Curvilla) > Reguchillo > Jaén > Andalucia > España',37.74974,-3.82532),(56,'Iniciación > Pegalajar > Jaén > Andalucia > España',37.73642,-3.65602),(57,'La Habitacion - Pared del Sol > Zona de Arriba > San Bartolo > Cadiz > Andalucia > España',36.08581,-5.71666),(58,'Mariano > Zona de Arriba > San Bartolo > Cadiz > Andalucia > España',36.08571,-5.71711),(59,'La Habitacion - Pared de Dandy > Zona de Arriba > San Bartolo > Cadiz > Andalucia > España',36.08571,-5.71668),(60,'El Cancho > Zona de Arriba > San Bartolo > Cadiz > Andalucia > España',36.08556,-5.71684),(61,'Los Cernicalos > Zona de Arriba > San Bartolo > Cadiz > Andalucia > España',36.08544,-5.71674),(62,'Vudu > Zona de Arriba > San Bartolo > Cadiz > Andalucia > España',36.08555,-5.7173),(63,'Los Buitres > Zona de Arriba > San Bartolo > Cadiz > Andalucia > España',36.08553,-5.71848),(64,'Armónica > Zona de Arriba > San Bartolo > Cadiz > Andalucia > España',36.08573,-5.71893),(65,'Mosaico > Tajo del Búho > San Bartolo > Cadiz > Andalucia > España',36.09202,-5.72469),(66,'Los Bordillos > Tajo del Búho > San Bartolo > Cadiz > Andalucia > España',36.09154,-5.72212),(67,'Archidona > Andalucia > España',37.13515,-4.27915),(68,'Peñón del Águila > Andalucia > España',37.991,-4.52058),(69,'Quintos > Sur > Castillo de Santa Catalina > Andalucia > España',37.76647,-3.79792),(70,'Sector Canteras > Alfacar > Andalucia > España',37.25554,-3.55689),(71,'Dablam > Alfacar > Andalucia > España',37.25885,-3.5528),(72,'El Nicho > Alfacar > Andalucia > España',37.25344,-3.55842),(73,'Sector 2 > Pinares De San Antón > Andalucia > España',36.74261,-4.36568),(74,'Sector 5 > Pinares De San Antón > Andalucia > España',36.74205,-4.36559),(75,'East > Pinares De San Antón > Andalucia > España',36.74189,-4.36253),(76,'West-lower > Pinares De San Antón > Andalucia > España',36.74184,-4.36523),(77,'Right > Puerto Rico > Andalucia > España',36.5432,-4.88574),(78,'Left > Puerto Rico > Andalucia > España',36.54346,-4.8865),(79,'Central > Puerto Rico > Andalucia > España',36.54332,-4.88586),(80,'Tacos > Cahorros > Andalucia > España',37.12752,-3.52008),(81,'Palo > Cahorros > Andalucia > España',37.1276,-3.52034),(82,'Diabólico > Cahorros > Andalucia > España',37.1278,-3.51708),(83,'Angélico > Cahorros > Andalucia > España',37.1276,-3.51776),(84,'Palomas 2 > Cahorros > Andalucia > España',37.12835,-3.5162),(85,'Pinos del Valle > Andalucia > España',36.91475,-3.54879),(86,'Ravine Left Wall > Mijas, Las > Andalucia > España',36.59245,-4.63945),(87,'Entrada Gratis > Mijas, Las > Andalucia > España',36.59296,-4.64027),(88,'Pire Sin Manos > Mijas, Las > Andalucia > España',36.59258,-4.64017),(89,'Pared Roja > Villanueva de Cauche > Andalucia > España',36.94419,-4.40842),(90,'Pared de la Canal > Los Vados > Andalucia > España',36.78958,-3.53742),(91,'Gruyère > Moclin > Andalucia > España',37.34906,-3.79303),(92,'Bovedas de Abajo > Casares > Andalucia > España',36.43809,-5.26949),(93,'Derecha > Cañoncito > Casares > Andalucia > España',36.44275,-5.27617),(100,'\'V\'s Boulder Sanctuary',36.9574,-4.24677),(120,'El Makinodromo > El Chorro > Andalucia > España',36.9085,-4.7603),(121,'Africa Wall > The Gorge > El Chorro > Andalucia > España',36.9085,-4.7603),(130,'Turon west > Turon > El Chorro > Andalucia > España',36.9085,-4.7603),(132,'McClaud > El Chorro > Andalucia > España',36.9085,-4.7603),(133,'Sin futuro > El Chorro > Andalucia > España',36.9085,-4.7603),(182,'Ravine Right Wall > Mijas, Las > Andalucia > España',36.59245,-4.63945);
/*!40000 ALTER TABLE `location` ENABLE KEYS */;
UNLOCK TABLES;

--
-- Table structure for table `messenger_messages`
--

DROP TABLE IF EXISTS `messenger_messages`;
/*!40101 SET @saved_cs_client     = @@character_set_client */;
/*!40101 SET character_set_client = utf8 */;
CREATE TABLE `messenger_messages` (
  `id` bigint(20) NOT NULL AUTO_INCREMENT,
  `body` longtext NOT NULL,
  `headers` longtext NOT NULL,
  `queue_name` varchar(190) NOT NULL,
  `created_at` datetime NOT NULL COMMENT '(DC2Type:datetime_immutable)',
  `available_at` datetime NOT NULL COMMENT '(DC2Type:datetime_immutable)',
  `delivered_at` datetime DEFAULT NULL COMMENT '(DC2Type:datetime_immutable)',
  PRIMARY KEY (`id`),
  KEY `IDX_75EA56E0FB7336F0` (`queue_name`),
  KEY `IDX_75EA56E0E3BD61CE` (`available_at`),
  KEY `IDX_75EA56E016BA31DB` (`delivered_at`)
) ENGINE=InnoDB DEFAULT CHARSET=utf8mb4 COLLATE=utf8mb4_unicode_ci;
/*!40101 SET character_set_client = @saved_cs_client */;

--
-- Dumping data for table `messenger_messages`
--

LOCK TABLES `messenger_messages` WRITE;
/*!40000 ALTER TABLE `messenger_messages` DISABLE KEYS */;
/*!40000 ALTER TABLE `messenger_messages` ENABLE KEYS */;
UNLOCK TABLES;

--
-- Table structure for table `user_route`
--

DROP TABLE IF EXISTS `user_route`;
/*!40101 SET @saved_cs_client     = @@character_set_client */;
/*!40101 SET character_set_client = utf8 */;
CREATE TABLE `user_route` (
  `id` int(11) NOT NULL AUTO_INCREMENT,
  `user_id` int(11) NOT NULL,
  `route_id` int(11) NOT NULL,
  PRIMARY KEY (`id`),
  KEY `IDX_E006DB21A76ED395` (`user_id`),
  KEY `IDX_E006DB2134ECB4E6` (`route_id`),
  CONSTRAINT `FK_E006DB2134ECB4E6` FOREIGN KEY (`route_id`) REFERENCES `climbing_route` (`id`) ON DELETE CASCADE,
  CONSTRAINT `FK_E006DB21A76ED395` FOREIGN KEY (`user_id`) REFERENCES `users` (`id`)
) ENGINE=InnoDB AUTO_INCREMENT=33 DEFAULT CHARSET=utf8mb4 COLLATE=utf8mb4_unicode_ci;
/*!40101 SET character_set_client = @saved_cs_client */;

--
-- Dumping data for table `user_route`
--

LOCK TABLES `user_route` WRITE;
/*!40000 ALTER TABLE `user_route` DISABLE KEYS */;
/*!40000 ALTER TABLE `user_route` ENABLE KEYS */;
UNLOCK TABLES;

--
-- Table structure for table `users`
--

DROP TABLE IF EXISTS `users`;
/*!40101 SET @saved_cs_client     = @@character_set_client */;
/*!40101 SET character_set_client = utf8 */;
CREATE TABLE `users` (
  `id` int(11) NOT NULL AUTO_INCREMENT,
  `email` varchar(180) NOT NULL,
  `roles` longtext CHARACTER SET utf8mb4 COLLATE utf8mb4_bin NOT NULL COMMENT '(DC2Type:json)' CHECK (json_valid(`roles`)),
  `password` varchar(255) NOT NULL,
  `name` varchar(255) NOT NULL,
  PRIMARY KEY (`id`),
  UNIQUE KEY `UNIQ_1483A5E9E7927C74` (`email`)
) ENGINE=InnoDB AUTO_INCREMENT=14 DEFAULT CHARSET=utf8mb4 COLLATE=utf8mb4_unicode_ci;
/*!40101 SET character_set_client = @saved_cs_client */;

--
-- Dumping data for table `users`
--

LOCK TABLES `users` WRITE;
/*!40000 ALTER TABLE `users` DISABLE KEYS */;
INSERT INTO `users` VALUES (1,'admin@gmail.com','[\"ROLE_ADMIN\"]','$2y$13$35kfIy9L9asElh6B9i0IM.vJQrfjQjPZ7tYNXA3T0Q6XVUYPeuEBC','admin'),(2,'usuario@gmail.com','[\"ROLE_USER\"]','$2y$13$yaSRIa3ppXZDmb0IR4VJ1.Pcdftpmrrw2JRvReJ.lraxNVbirGgZq','usuario');
/*!40000 ALTER TABLE `users` ENABLE KEYS */;
UNLOCK TABLES;
/*!40103 SET TIME_ZONE=@OLD_TIME_ZONE */;

/*!40101 SET SQL_MODE=@OLD_SQL_MODE */;
/*!40014 SET FOREIGN_KEY_CHECKS=@OLD_FOREIGN_KEY_CHECKS */;
/*!40014 SET UNIQUE_CHECKS=@OLD_UNIQUE_CHECKS */;
/*!40101 SET CHARACTER_SET_CLIENT=@OLD_CHARACTER_SET_CLIENT */;
/*!40101 SET CHARACTER_SET_RESULTS=@OLD_CHARACTER_SET_RESULTS */;
/*!40101 SET COLLATION_CONNECTION=@OLD_COLLATION_CONNECTION */;
/*!40111 SET SQL_NOTES=@OLD_SQL_NOTES */;

-- Dump completed on 2025-03-04 13:00:31
